{
  "summary": [
    "Israel and U.S. are in full coordination",
    "THAAD deployed to counter long-range threats",
    "Iran may activate proxy strikes within days"
  ],
  "military": [
    "40+ U.S. jets in Indian Ocean",
    "IDF alert on northern and eastern fronts",
    "Iran repositioning IRGC missile forces"
  ],
  "evacuations": [
    {
      "country": "Lebanon",
      "status": "Shelter-in-place",
      "notes": "Roads blocked"
    },
    {
      "country": "Iraq",
      "status": "Staff withdrawn",
      "notes": "Green Zone alert"
    },
    {
      "country": "UAE",
      "status": "No evacuation",
      "notes": "Al Dhafra base ready"
    },
    {
      "country": "Israel",
      "status": "Contingency only",
      "notes": "THAAD & Iron Dome live"
    }
  ],
  "alerts": [
    {
      "name": "KAN News",
      "link": "https://www.kan.org.il/live"
    },
    {
      "name": "IDF Twitter",
      "link": "https://twitter.com/IDF"
    },
    {
      "name": "CENTCOM",
      "link": "https://www.centcom.mil/MEDIA/NEWS-ARTICLES/"
    },
    {
      "name": "IRNA",
      "link": "https://www.irna.ir/"
    }
  ]
}